Open,High,Low,Close,Adj Close,Volume
100.0,100.0,100.0,100.0,100.0,0
100.0,100.0,100.0,100.0,100.0,0
100.02999877929688,100.04000091552734,99.99500274658203,99.99500274658203,99.99500274658203,10725
100.01000213623047,100.02999877929688,100.01000213623047,100.02999877929688,100.02999877929688,10080
99.94999694824219,99.95999908447266,99.91999816894531,99.91999816894531,99.91999816894531,6350
99.98999786376953,99.99500274658203,99.9717025756836,99.99500274658203,99.99500274658203,650
99.97000122070312,99.9800033569336,99.94000244140625,99.94000244140625,99.94000244140625,1820
99.95999908447266,99.97000122070312,99.94000244140625,99.94000244140625,99.94000244140625,5685
99.97899627685547,99.98999786376953,99.96320343017578,99.96499633789062,99.96499633789062,3635
100.0,100.0,99.9749984741211,99.9749984741211,99.9749984741211,3985
100.0,100.0,99.94499969482422,99.94499969482422,99.94499969482422,3312
99.94999694824219,99.95999908447266,99.92500305175781,99.92500305175781,99.92500305175781,2135
99.91000366210938,99.91999816894531,99.88999938964844,99.88999938964844,99.88999938964844,126687
99.84709930419922,99.84709930419922,99.84709930419922,99.84709930419922,99.84709930419922,29
99.83999633789062,99.83999633789062,99.82430267333984,99.82430267333984,99.82430267333984,320
99.77999877929688,99.77999877929688,99.75,99.75,99.75,5600
99.80999755859375,99.80999755859375,99.79000091552734,99.79000091552734,99.79000091552734,4617
99.88999938964844,99.88999938964844,99.86000061035156,99.86000061035156,99.86000061035156,3900
99.93000030517578,99.93000030517578,99.91500091552734,99.91500091552734,99.91500091552734,710
99.91000366210938,99.91000366210938,99.88500213623047,99.88500213623047,99.88500213623047,704
99.81999969482422,99.81999969482422,99.7699966430664,99.7699966430664,99.7699966430664,830
99.69989776611328,99.69989776611328,99.69989776611328,99.69989776611328,99.69989776611328,29
99.70240020751953,99.70240020751953,99.70240020751953,99.70240020751953,99.70240020751953,1
99.66500091552734,99.66500091552734,99.66500091552734,99.66500091552734,99.66500091552734,1
99.95999908447266,99.9800033569336,99.95899963378906,99.97480010986328,99.97480010986328,2561
99.99870300292969,99.99870300292969,99.99870300292969,99.99870300292969,99.99870300292969,1
99.88999938964844,99.94000244140625,99.88999938964844,99.90480041503906,99.90480041503906,1001
99.70999908447266,99.74629974365234,99.70099639892578,99.74629974365234,99.74629974365234,4126
99.68900299072266,99.68900299072266,99.63999938964844,99.63999938964844,99.63999938964844,100
99.66899871826172,99.66999816894531,99.6552963256836,99.6552963256836,99.6552963256836,1004
99.78900146484375,99.79000091552734,99.77410125732422,99.77410125732422,99.77410125732422,4256
99.77059936523438,99.77059936523438,99.77059936523438,99.77059936523438,99.77059936523438,1
99.79900360107422,99.80000305175781,99.7699966430664,99.7699966430664,99.7699966430664,876
99.8499984741211,99.8499984741211,99.8499984741211,99.8499984741211,99.8499984741211,1
99.8499984741211,99.8499984741211,99.8499984741211,99.8499984741211,99.8499984741211,1
99.88999938964844,99.88999938964844,99.88999938964844,99.88999938964844,99.88999938964844,1
99.91000366210938,99.94000244140625,99.91000366210938,99.91500091552734,99.91500091552734,4981
99.89900207519531,99.9000015258789,99.88500213623047,99.88500213623047,99.88500213623047,553
99.88500213623047,99.88500213623047,99.88500213623047,99.88500213623047,99.88500213623047,1
99.95999908447266,99.95999908447266,99.91000366210938,99.91000366210938,99.91000366210938,701
99.98999786376953,99.98999786376953,99.98999786376953,99.98999786376953,99.98999786376953,1
100.06999969482422,100.06999969482422,100.04499816894531,100.04499816894531,100.04499816894531,2066
99.87999725341797,99.91899871826172,99.87999725341797,99.90059661865234,99.90059661865234,1100
99.875,99.875,99.875,99.875,99.875,1
99.9749984741211,99.9749984741211,99.9749984741211,99.9749984741211,99.9749984741211,1
99.86080169677734,99.86080169677734,99.86080169677734,99.86080169677734,99.86080169677734,1
99.9800033569336,99.9800033569336,99.95500183105469,99.95500183105469,99.95500183105469,1800
100.00900268554688,100.00900268554688,99.97000122070312,99.97000122070312,99.97000122070312,1303
99.86000061035156,99.86000061035156,99.84500122070312,99.8550033569336,99.8550033569336,1650
99.91000366210938,99.94999694824219,99.9031982421875,99.93000030517578,99.93000030517578,3907
100.01609802246094,100.01609802246094,100.01609802246094,100.01609802246094,100.01609802246094,33
100.01899719238281,100.0199966430664,99.99500274658203,99.99500274658203,99.99500274658203,425
100.01000213623047,100.01000213623047,100.00499725341797,100.00499725341797,100.00499725341797,1351
100.00499725341797,100.00499725341797,100.00499725341797,100.00499725341797,100.00499725341797,39
100.08999633789062,100.08999633789062,99.99500274658203,99.99500274658203,99.99500274658203,1218
100.0000991821289,100.0000991821289,99.98500061035156,99.98500061035156,99.98500061035156,1000
99.98899841308594,99.98999786376953,99.96009826660156,99.96009826660156,99.96009826660156,2345
100.02999877929688,100.02999877929688,100.02999877929688,100.02999877929688,100.02999877929688,10
99.98999786376953,100.0,99.98999786376953,99.99009704589844,99.99009704589844,1414
100.02670288085938,100.02670288085938,100.02670288085938,100.02670288085938,100.02670288085938,2
100.06300354003906,100.06300354003906,100.06300354003906,100.06300354003906,100.06300354003906,2
100.06500244140625,100.06500244140625,100.06500244140625,100.06500244140625,100.06500244140625,2
100.10459899902344,100.10459899902344,100.10459899902344,100.10459899902344,100.10459899902344,2
100.16000366210938,100.16000366210938,100.15499877929688,100.15499877929688,100.15499877929688,102
100.1229019165039,100.1229019165039,100.1229019165039,100.1229019165039,100.1229019165039,2
100.05999755859375,100.07990264892578,100.05000305175781,100.05000305175781,100.05000305175781,751
99.85900115966797,99.87460327148438,99.85900115966797,99.87460327148438,99.87460327148438,109
99.83000183105469,99.83000183105469,99.78500366210938,99.8136978149414,99.8136978149414,2099
99.7249984741211,99.7249984741211,99.7249984741211,99.7249984741211,99.7249984741211,3
99.66500091552734,99.66500091552734,99.66500091552734,99.66500091552734,99.66500091552734,1
99.66470336914062,99.66470336914062,99.66470336914062,99.66470336914062,99.66470336914062,1
99.75689697265625,99.75689697265625,99.75689697265625,99.75689697265625,99.75689697265625,66
99.81999969482422,99.81999969482422,99.72699737548828,99.72699737548828,99.72699737548828,333
99.80770111083984,99.80770111083984,99.80770111083984,99.80770111083984,99.80770111083984,1
99.83499908447266,99.83499908447266,99.83499908447266,99.83499908447266,99.83499908447266,2
99.83570098876953,99.83570098876953,99.83570098876953,99.83570098876953,99.83570098876953,3
99.79499816894531,99.79499816894531,99.79499816894531,99.79499816894531,99.79499816894531,193
99.83489990234375,99.83489990234375,99.83489990234375,99.83489990234375,99.83489990234375,66
99.91719818115234,99.91719818115234,99.91719818115234,99.91719818115234,99.91719818115234,66
99.94999694824219,99.94999694824219,99.88999938964844,99.91500091552734,99.91500091552734,841
99.89630126953125,99.89630126953125,99.89630126953125,99.89630126953125,99.89630126953125,1
99.85489654541016,99.85489654541016,99.85489654541016,99.85489654541016,99.85489654541016,1
99.8489990234375,99.84929656982422,99.8489990234375,99.84929656982422,99.84929656982422,1503
99.87999725341797,99.87999725341797,99.87100219726562,99.87100219726562,99.87100219726562,702
99.80960083007812,99.80960083007812,99.80960083007812,99.80960083007812,99.80960083007812,2
99.78900146484375,99.80000305175781,99.76499938964844,99.76499938964844,99.76499938964844,800
99.78500366210938,99.78500366210938,99.78500366210938,99.78500366210938,99.78500366210938,2
99.7615966796875,99.7615966796875,99.7615966796875,99.7615966796875,99.7615966796875,1502
99.80999755859375,99.80999755859375,99.75240325927734,99.75240325927734,99.75240325927734,3318
99.83000183105469,99.83999633789062,99.7699966430664,99.78500366210938,99.78500366210938,6819
99.8499984741211,99.87139892578125,99.8499984741211,99.87139892578125,99.87139892578125,351
99.8550033569336,99.86509704589844,99.8550033569336,99.86509704589844,99.86509704589844,531
99.81900024414062,99.81900024414062,99.78459930419922,99.78459930419922,99.78459930419922,1878
99.58899688720703,99.5999984741211,99.52909851074219,99.52909851074219,99.52909851074219,4815
99.55999755859375,99.58000183105469,99.55999755859375,99.56500244140625,99.56500244140625,1864
99.58499908447266,99.58499908447266,99.58499908447266,99.58499908447266,99.58499908447266,9
99.45500183105469,99.45500183105469,99.45500183105469,99.45500183105469,99.45500183105469,598
99.3550033569336,99.3550033569336,99.3550033569336,99.3550033569336,99.3550033569336,1578
99.41799926757812,99.4198989868164,99.3988037109375,99.3988037109375,99.3988037109375,401
99.3644027709961,99.3644027709961,99.3644027709961,99.3644027709961,99.3644027709961,12
98.91010284423828,98.91010284423828,98.7531967163086,98.7531967163086,98.7531967163086,304
98.98310089111328,98.98310089111328,98.98310089111328,98.98310089111328,98.98310089111328,70
99.05719757080078,99.10759735107422,99.05719757080078,99.10759735107422,99.10759735107422,407
99.19000244140625,99.19000244140625,99.16000366210938,99.18000030517578,99.18000030517578,965
98.98999786376953,99.01180267333984,98.98999786376953,99.01180267333984,99.01180267333984,510
98.84500122070312,98.84500122070312,98.84500122070312,98.84500122070312,98.84500122070312,2
98.75,98.76000213623047,98.75,98.76000213623047,98.76000213623047,100
98.58000183105469,98.58000183105469,98.53050231933594,98.53050231933594,98.53050231933594,101
98.64199829101562,98.64199829101562,98.625,98.625,98.625,917
98.73919677734375,98.73919677734375,98.73919677734375,98.73919677734375,98.73919677734375,1
98.8416976928711,98.8416976928711,98.8416976928711,98.8416976928711,98.8416976928711,1
98.58000183105469,98.5999984741211,98.58000183105469,98.59259796142578,98.59259796142578,4201
98.61830139160156,98.61830139160156,98.61830139160156,98.61830139160156,98.61830139160156,1
98.62940216064453,98.62940216064453,98.62940216064453,98.62940216064453,98.62940216064453,600
98.54000091552734,98.70149993896484,98.54000091552734,98.70149993896484,98.70149993896484,200
98.51000213623047,98.5167007446289,98.48979949951172,98.48979949951172,98.48979949951172,2009
98.47730255126953,98.47730255126953,98.47730255126953,98.47730255126953,98.47730255126953,1
98.54499816894531,98.56500244140625,98.54499816894531,98.56500244140625,98.56500244140625,108
98.63999938964844,98.68769836425781,98.63999938964844,98.68769836425781,98.68769836425781,101
98.72579956054688,98.72579956054688,98.72579956054688,98.72579956054688,98.72579956054688,1
98.73179626464844,98.73179626464844,98.73179626464844,98.73179626464844,98.73179626464844,10
98.65899658203125,98.66000366210938,98.63500213623047,98.63500213623047,98.63500213623047,678
98.5365982055664,98.5365982055664,98.5365982055664,98.5365982055664,98.5365982055664,1
98.51280212402344,98.51280212402344,98.51280212402344,98.51280212402344,98.51280212402344,1
98.4800033569336,98.51460266113281,98.4800033569336,98.51460266113281,98.51460266113281,504
98.5999984741211,98.6449966430664,98.58999633789062,98.6449966430664,98.6449966430664,1604
98.4990005493164,98.52320098876953,98.4990005493164,98.52320098876953,98.52320098876953,400
98.63999938964844,98.71089935302734,98.63999938964844,98.71089935302734,98.71089935302734,2001
98.72000122070312,98.7300033569336,98.72000122070312,98.72160339355469,98.72160339355469,1000
98.81500244140625,98.81500244140625,98.81500244140625,98.81500244140625,98.81500244140625,1
98.75569915771484,98.75569915771484,98.75569915771484,98.75569915771484,98.75569915771484,1
98.70919799804688,98.70919799804688,98.70919799804688,98.70919799804688,98.70919799804688,1
98.7300033569336,98.8228988647461,98.7300033569336,98.8228988647461,98.8228988647461,1000
98.80500030517578,98.81089782714844,98.77999877929688,98.81089782714844,98.81089782714844,2271
99.0199966430664,99.05000305175781,99.00830078125,99.00830078125,99.00830078125,7728
100.88999938964844,100.88999938964844,98.7699966430664,99.24469757080078,99.24469757080078,4517
99.12000274658203,99.12999725341797,98.98500061035156,99.1011962890625,99.1011962890625,4561
98.79000091552734,99.30000305175781,98.79000091552734,99.04409790039062,99.04409790039062,3736
99.01000213623047,99.01000213623047,98.9000015258789,98.97049713134766,98.97049713134766,997
98.92500305175781,99.04000091552734,98.86000061035156,99.0009994506836,99.0009994506836,1599
99.01000213623047,99.01000213623047,98.88009643554688,98.9800033569336,98.9800033569336,1888
99.0,99.0,98.908203125,98.97000122070312,98.97000122070312,2503
98.94999694824219,98.94999694824219,98.81999969482422,98.83260345458984,98.83260345458984,1317
98.87999725341797,98.88639831542969,98.76000213623047,98.88639831542969,98.88639831542969,1002
98.80999755859375,98.9000015258789,98.80000305175781,98.8550033569336,98.8550033569336,2466
98.91999816894531,98.93000030517578,98.87999725341797,98.88929748535156,98.88929748535156,1922
98.91000366210938,98.94499969482422,98.91000366210938,98.9446029663086,98.9446029663086,2307
98.95999908447266,99.05000305175781,98.95999908447266,98.98500061035156,98.98500061035156,2847
99.0,99.05999755859375,98.99400329589844,99.05999755859375,99.05999755859375,2950
99.0999984741211,99.10099792480469,99.03099822998047,99.07499694824219,99.07499694824219,4313
99.1500015258789,99.21499633789062,99.14749908447266,99.14749908447266,99.14749908447266,1834
99.19999694824219,99.19999694824219,99.06999969482422,99.11000061035156,99.11000061035156,2968
99.11000061035156,99.11000061035156,99.11000061035156,99.11000061035156,99.11000061035156,0
99.11000061035156,99.11000061035156,99.11000061035156,99.11000061035156,99.11000061035156,0
99.11000061035156,99.11000061035156,99.11000061035156,99.11000061035156,99.11000061035156,0
99.11000061035156,99.11000061035156,99.11000061035156,99.11000061035156,99.11000061035156,0
99.11000061035156,99.11000061035156,99.11000061035156,99.11000061035156,99.11000061035156,0
99.11000061035156,99.11000061035156,99.11000061035156,99.11000061035156,99.11000061035156,0
99.11000061035156,99.11000061035156,99.11000061035156,99.11000061035156,99.11000061035156,0
99.11000061035156,99.11000061035156,99.11000061035156,99.11000061035156,99.11000061035156,0
99.11000061035156,99.11000061035156,99.11000061035156,99.11000061035156,99.11000061035156,0
99.11000061035156,99.11000061035156,99.11000061035156,99.11000061035156,99.11000061035156,0
99.11000061035156,99.11000061035156,99.11000061035156,99.11000061035156,99.11000061035156,0
99.11000061035156,99.11000061035156,99.11000061035156,99.11000061035156,99.11000061035156,0
99.11000061035156,99.11000061035156,99.11000061035156,99.11000061035156,99.11000061035156,0
99.11000061035156,99.11000061035156,99.11000061035156,99.11000061035156,99.11000061035156,0
99.11000061035156,99.11000061035156,99.11000061035156,99.11000061035156,99.11000061035156,0
99.11000061035156,99.11000061035156,99.11000061035156,99.11000061035156,99.11000061035156,0
99.11000061035156,99.11000061035156,99.11000061035156,99.11000061035156,99.11000061035156,0
99.11000061035156,99.11000061035156,99.11000061035156,99.11000061035156,99.11000061035156,0
99.11000061035156,99.11000061035156,99.11000061035156,99.11000061035156,99.11000061035156,0
99.11000061035156,99.11000061035156,99.11000061035156,99.11000061035156,99.11000061035156,0
99.11000061035156,99.11000061035156,99.11000061035156,99.11000061035156,99.11000061035156,0
99.11000061035156,99.11000061035156,99.11000061035156,99.11000061035156,99.11000061035156,0
99.11000061035156,99.11000061035156,99.11000061035156,99.11000061035156,99.11000061035156,0
99.11000061035156,99.11000061035156,99.11000061035156,99.11000061035156,99.11000061035156,0
99.11000061035156,99.11000061035156,99.11000061035156,99.11000061035156,99.11000061035156,0
99.11000061035156,99.11000061035156,99.11000061035156,99.11000061035156,99.11000061035156,0
99.11000061035156,99.11000061035156,99.11000061035156,99.11000061035156,99.11000061035156,0
99.11000061035156,99.11000061035156,99.11000061035156,99.11000061035156,99.11000061035156,0
99.11000061035156,99.11000061035156,99.11000061035156,99.11000061035156,99.11000061035156,0
99.11000061035156,99.11000061035156,99.11000061035156,99.11000061035156,99.11000061035156,0
99.11000061035156,99.11000061035156,99.11000061035156,99.11000061035156,99.11000061035156,0
99.11000061035156,99.11000061035156,99.11000061035156,99.11000061035156,99.11000061035156,0
99.11000061035156,99.11000061035156,99.11000061035156,99.11000061035156,99.11000061035156,0
99.11000061035156,99.11000061035156,99.11000061035156,99.11000061035156,99.11000061035156,0
99.11000061035156,99.11000061035156,99.11000061035156,99.11000061035156,99.11000061035156,0
99.11000061035156,99.11000061035156,99.11000061035156,99.11000061035156,99.11000061035156,0
99.11000061035156,99.11000061035156,99.11000061035156,99.11000061035156,99.11000061035156,0
99.11000061035156,99.11000061035156,99.11000061035156,99.11000061035156,99.11000061035156,0
99.11000061035156,99.11000061035156,99.11000061035156,99.11000061035156,99.11000061035156,0
99.11000061035156,99.11000061035156,99.11000061035156,99.11000061035156,99.11000061035156,0
99.11000061035156,99.11000061035156,99.11000061035156,99.11000061035156,99.11000061035156,0
99.11000061035156,99.11000061035156,99.11000061035156,99.11000061035156,99.11000061035156,0
99.11000061035156,99.11000061035156,99.11000061035156,99.11000061035156,99.11000061035156,0
99.11000061035156,99.11000061035156,99.11000061035156,99.11000061035156,99.11000061035156,0
99.11000061035156,99.11000061035156,99.11000061035156,99.11000061035156,99.11000061035156,0
99.11000061035156,99.11000061035156,99.11000061035156,99.11000061035156,99.11000061035156,0
99.11000061035156,99.11000061035156,99.11000061035156,99.11000061035156,99.11000061035156,0
99.66000366210938,99.66500091552734,99.58499908447266,99.65029907226562,99.65029907226562,20415
99.7073974609375,99.7073974609375,99.7073974609375,99.7073974609375,99.7073974609375,37
99.55500030517578,99.55500030517578,99.54830169677734,99.54830169677734,99.54830169677734,158
99.63999938964844,99.64520263671875,99.63819885253906,99.63819885253906,99.63819885253906,203
99.62010192871094,99.69000244140625,99.62010192871094,99.64099884033203,99.64099884033203,14144
99.67500305175781,99.67500305175781,99.63899993896484,99.65249633789062,99.65249633789062,1736
99.71540069580078,99.71540069580078,99.71540069580078,99.71540069580078,99.71540069580078,14
99.69499969482422,99.75499725341797,99.69499969482422,99.75499725341797,99.75499725341797,163
99.68099975585938,99.70369720458984,99.68000030517578,99.70369720458984,99.70369720458984,509
99.69999694824219,99.77670288085938,99.69999694824219,99.77670288085938,99.77670288085938,213
99.9010009765625,99.9010009765625,99.9010009765625,99.9010009765625,99.9010009765625,254
99.90470123291016,99.90470123291016,99.90470123291016,99.90470123291016,99.90470123291016,5
99.84660339355469,99.84660339355469,99.84660339355469,99.84660339355469,99.84660339355469,55
99.73500061035156,99.73500061035156,99.73500061035156,99.73500061035156,99.73500061035156,73
99.55850219726562,99.55850219726562,99.55850219726562,99.55850219726562,99.55850219726562,4
99.47740173339844,99.47740173339844,99.47740173339844,99.47740173339844,99.47740173339844,4
99.3948974609375,99.3948974609375,99.38929748535156,99.38929748535156,99.38929748535156,118
99.44999694824219,99.46929931640625,99.38999938964844,99.46929931640625,99.46929931640625,530
99.4489974975586,99.4489974975586,99.44499969482422,99.44499969482422,99.44499969482422,243
99.5824966430664,99.5824966430664,99.5824966430664,99.5824966430664,99.5824966430664,4
99.63999938964844,99.64959716796875,99.63999938964844,99.64959716796875,99.64959716796875,120
99.18000030517578,99.5999984741211,99.18000030517578,99.5999984741211,99.5999984741211,326
99.57499694824219,99.57499694824219,99.55000305175781,99.55000305175781,99.55000305175781,425
99.6050033569336,99.6050033569336,99.6050033569336,99.6050033569336,99.6050033569336,136
99.5696029663086,99.5696029663086,99.5696029663086,99.5696029663086,99.5696029663086,4
99.59320068359375,99.59320068359375,99.59320068359375,99.59320068359375,99.59320068359375,138
99.54100036621094,99.58000183105469,99.53500366210938,99.53500366210938,99.53500366210938,910
99.44499969482422,99.44499969482422,99.44499969482422,99.44499969482422,99.44499969482422,94
99.44000244140625,99.45850372314453,99.44000244140625,99.45850372314453,99.45850372314453,2006
99.5864028930664,99.5864028930664,99.5864028930664,99.5864028930664,99.5864028930664,2
99.68499755859375,99.68499755859375,99.68499755859375,99.68499755859375,99.68499755859375,74
99.6500015258789,99.69499969482422,99.63999938964844,99.69499969482422,99.69499969482422,126287
99.71900177001953,99.71900177001953,99.68000030517578,99.68000030517578,99.68000030517578,103
99.76000213623047,99.76000213623047,99.72000122070312,99.72019958496094,99.72019958496094,572
99.72000122070312,99.75,99.69000244140625,99.69000244140625,99.69000244140625,1509
99.57599639892578,99.57599639892578,99.55509948730469,99.55509948730469,99.55509948730469,862
99.61000061035156,99.61000061035156,99.61000061035156,99.61000061035156,99.61000061035156,200
99.7249984741211,99.7249984741211,99.7249984741211,99.7249984741211,99.7249984741211,24
99.63500213623047,99.63500213623047,99.63500213623047,99.63500213623047,99.63500213623047,13
99.56439971923828,99.61499786376953,99.56439971923828,99.61499786376953,99.61499786376953,209
99.73500061035156,99.73500061035156,99.69000244140625,99.73500061035156,99.73500061035156,1008
99.70989990234375,99.70989990234375,99.66000366210938,99.66000366210938,99.66000366210938,102
99.53009796142578,99.58000183105469,99.52999877929688,99.58000183105469,99.58000183105469,877
99.38999938964844,99.46499633789062,99.38999938964844,99.46499633789062,99.46499633789062,502
99.41010284423828,99.625,99.41010284423828,99.625,99.625,110
99.58779907226562,99.58999633789062,99.58779907226562,99.58999633789062,99.58999633789062,464
99.55000305175781,99.55000305175781,99.55000305175781,99.55000305175781,99.55000305175781,122
99.39990234375,99.39990234375,99.26000213623047,99.2947006225586,99.2947006225586,2339
99.19999694824219,99.19999694824219,99.19000244140625,99.19000244140625,99.19000244140625,171
99.18000030517578,99.18000030517578,99.18000030517578,99.18000030517578,99.18000030517578,52
98.96499633789062,98.96499633789062,98.96499633789062,98.96499633789062,98.96499633789062,12
98.98490142822266,98.98490142822266,98.98490142822266,98.98490142822266,98.98490142822266,33
99.0199966430664,99.0199966430664,99.0199966430664,99.0199966430664,99.0199966430664,76
99.18000030517578,99.18000030517578,99.18000030517578,99.18000030517578,99.18000030517578,18
99.1500015258789,99.1500015258789,99.1500015258789,99.1500015258789,99.1500015258789,6
99.06500244140625,99.06500244140625,99.06500244140625,99.06500244140625,99.06500244140625,16
99.05999755859375,99.05999755859375,99.05999755859375,99.05999755859375,99.05999755859375,5
98.90969848632812,98.91500091552734,98.90969848632812,98.91500091552734,98.91500091552734,252
98.86000061035156,98.86000061035156,98.86000061035156,98.86000061035156,98.86000061035156,6
98.76499938964844,98.76499938964844,98.72440338134766,98.72440338134766,98.72440338134766,125
98.82499694824219,98.82499694824219,98.82499694824219,98.82499694824219,98.82499694824219,26
98.83699798583984,98.83699798583984,98.83699798583984,98.83699798583984,98.83699798583984,51
98.94000244140625,98.94000244140625,98.94000244140625,98.94000244140625,98.94000244140625,6
98.7750015258789,98.7750015258789,98.7750015258789,98.7750015258789,98.7750015258789,4
98.66999816894531,98.66999816894531,98.66999816894531,98.66999816894531,98.66999816894531,2
98.58000183105469,98.59500122070312,98.58000183105469,98.59500122070312,98.59500122070312,254
98.56999969482422,98.69000244140625,98.56999969482422,98.67449951171875,98.67449951171875,845
98.4749984741211,98.4749984741211,98.4749984741211,98.4749984741211,98.4749984741211,100
98.4000015258789,98.51180267333984,98.4000015258789,98.51180267333984,98.51180267333984,205
98.56999969482422,98.56999969482422,98.56999969482422,98.56999969482422,98.56999969482422,48
98.62999725341797,98.62999725341797,98.62999725341797,98.62999725341797,98.62999725341797,50716
98.7699966430664,98.7699966430664,98.7699966430664,98.7699966430664,98.7699966430664,8
98.63999938964844,98.6500015258789,98.63999938964844,98.6500015258789,98.6500015258789,307
98.68060302734375,98.68060302734375,98.68060302734375,98.68060302734375,98.68060302734375,7
98.66999816894531,98.68000030517578,98.52999877929688,98.61720275878906,98.61720275878906,1840
98.75,98.75,98.75,98.75,98.75,157
98.69999694824219,98.7699966430664,98.69499969482422,98.69499969482422,98.69499969482422,610
98.91010284423828,98.91010284423828,98.91010284423828,98.91010284423828,98.91010284423828,41
99.04499816894531,99.11000061035156,99.01000213623047,99.11000061035156,99.11000061035156,924
98.94999694824219,98.97989654541016,98.87999725341797,98.92500305175781,98.92500305175781,2454
99.06400299072266,99.06400299072266,99.06400299072266,99.06400299072266,99.06400299072266,4
98.69999694824219,98.69999694824219,98.69999694824219,98.69999694824219,98.69999694824219,9
98.58499908447266,98.58499908447266,98.58499908447266,98.58499908447266,98.58499908447266,12
98.7300033569336,98.7300033569336,98.55000305175781,98.6343002319336,98.6343002319336,1549
98.5071029663086,98.5071029663086,98.5071029663086,98.5071029663086,98.5071029663086,3
98.5000991821289,98.5000991821289,98.44999694824219,98.44999694824219,98.44999694824219,466
98.52999877929688,98.52999877929688,98.52999877929688,98.52999877929688,98.52999877929688,42
98.63999938964844,98.63999938964844,98.58000183105469,98.58000183105469,98.58000183105469,1041
98.6050033569336,98.6050033569336,98.6050033569336,98.6050033569336,98.6050033569336,338
98.2699966430664,98.2699966430664,98.2699966430664,98.2699966430664,98.2699966430664,26
98.17250061035156,98.17250061035156,98.17250061035156,98.17250061035156,98.17250061035156,4
98.18499755859375,98.18499755859375,98.18499755859375,98.18499755859375,98.18499755859375,12
98.59989929199219,98.59989929199219,98.5479965209961,98.5479965209961,98.5479965209961,174
98.55000305175781,98.58999633789062,98.55000305175781,98.56500244140625,98.56500244140625,2489
98.88999938964844,98.88999938964844,98.6405029296875,98.6405029296875,98.6405029296875,354054
98.61270141601562,98.61270141601562,98.61270141601562,98.61270141601562,98.61270141601562,13
98.5824966430664,98.5824966430664,98.5824966430664,98.5824966430664,98.5824966430664,5
98.79000091552734,98.80339813232422,98.76809692382812,98.76809692382812,98.76809692382812,2036
98.59500122070312,98.59500122070312,98.59500122070312,98.59500122070312,98.59500122070312,38
98.51000213623047,98.51000213623047,98.51000213623047,98.51000213623047,98.51000213623047,88
98.39099884033203,98.44499969482422,98.39099884033203,98.44499969482422,98.44499969482422,752
98.4800033569336,98.49459838867188,98.46880340576172,98.46880340576172,98.46880340576172,308
98.51000213623047,98.51000213623047,98.51000213623047,98.51000213623047,98.51000213623047,71
98.56659698486328,98.63500213623047,98.56659698486328,98.63500213623047,98.63500213623047,1116
98.54499816894531,98.54499816894531,98.54499816894531,98.54499816894531,98.54499816894531,3
98.43399810791016,98.443603515625,98.43399810791016,98.443603515625,98.443603515625,1005
98.63099670410156,98.65119934082031,98.62449645996094,98.65119934082031,98.65119934082031,597
98.63999938964844,98.63999938964844,98.63999938964844,98.63999938964844,98.63999938964844,54
98.6449966430664,98.6449966430664,98.6449966430664,98.6449966430664,98.6449966430664,48
98.5,98.5,98.5,98.5,98.5,199
98.591796875,98.591796875,98.591796875,98.591796875,98.591796875,2
98.52999877929688,98.54170227050781,98.52999877929688,98.54170227050781,98.54170227050781,505
98.54000091552734,98.55000305175781,98.2699966430664,98.55000305175781,98.55000305175781,2513
98.61000061035156,98.61000061035156,98.58999633789062,98.58999633789062,98.58999633789062,160
98.47000122070312,98.48500061035156,98.47000122070312,98.48500061035156,98.48500061035156,402
98.6094970703125,98.6094970703125,98.6094970703125,98.6094970703125,98.6094970703125,83
98.58499908447266,98.58499908447266,98.58499908447266,98.58499908447266,98.58499908447266,5
98.30999755859375,98.30999755859375,98.2947006225586,98.2947006225586,98.2947006225586,177
98.27999877929688,98.29149627685547,98.27999877929688,98.29149627685547,98.29149627685547,356148
98.25,98.2699966430664,98.09010314941406,98.09639739990234,98.09639739990234,356863
97.98500061035156,97.98500061035156,97.98500061035156,97.98500061035156,97.98500061035156,104
97.89459991455078,97.89459991455078,97.89459991455078,97.89459991455078,97.89459991455078,3
97.83999633789062,97.9000015258789,97.83000183105469,97.84510040283203,97.84510040283203,8362
97.8499984741211,97.92230224609375,97.8499984741211,97.92230224609375,97.92230224609375,103
97.92500305175781,97.92500305175781,97.91999816894531,97.91999816894531,97.91999816894531,104
97.99099731445312,97.99099731445312,97.99099731445312,97.99099731445312,97.99099731445312,2
97.80850219726562,97.80850219726562,97.73500061035156,97.73500061035156,97.73500061035156,133
97.44000244140625,97.44000244140625,97.41069793701172,97.41069793701172,97.41069793701172,163
97.50499725341797,97.50499725341797,97.49420166015625,97.49420166015625,97.49420166015625,103
97.50260162353516,97.50260162353516,97.50260162353516,97.50260162353516,97.50260162353516,2
97.69000244140625,97.69000244140625,97.69000244140625,97.69000244140625,97.69000244140625,84
97.7698974609375,97.83999633789062,97.71019744873047,97.71019744873047,97.71019744873047,6378
97.67009735107422,97.67009735107422,97.63159942626953,97.63159942626953,97.63159942626953,106
97.3395004272461,97.3395004272461,97.3395004272461,97.3395004272461,97.3395004272461,5
97.38899993896484,97.38899993896484,97.30999755859375,97.30999755859375,97.30999755859375,206
97.31099700927734,97.41210174560547,97.31099700927734,97.41210174560547,97.41210174560547,925
97.45099639892578,97.45099639892578,97.41739654541016,97.41739654541016,97.41739654541016,935
97.40499877929688,97.40499877929688,97.4000015258789,97.4000015258789,97.4000015258789,280
97.47419738769531,97.47419738769531,97.47419738769531,97.47419738769531,97.47419738769531,4
97.30899810791016,97.30989837646484,97.25499725341797,97.30989837646484,97.30989837646484,221
96.92900085449219,96.92900085449219,96.92500305175781,96.92500305175781,96.92500305175781,104
96.95040130615234,96.96839904785156,96.95040130615234,96.96839904785156,96.96839904785156,502
96.82769775390625,96.82769775390625,96.82769775390625,96.82769775390625,96.82769775390625,3
96.8550033569336,96.8550033569336,96.8550033569336,96.8550033569336,96.8550033569336,2
96.28379821777344,96.28379821777344,96.28379821777344,96.28379821777344,96.28379821777344,2
96.6854019165039,96.6854019165039,96.6854019165039,96.6854019165039,96.6854019165039,4
96.42430114746094,96.42430114746094,96.42430114746094,96.42430114746094,96.42430114746094,13
96.35900115966797,96.35900115966797,96.3550033569336,96.3550033569336,96.3550033569336,103
96.43409729003906,96.43409729003906,96.43409729003906,96.43409729003906,96.43409729003906,2
96.56719970703125,96.56719970703125,96.56719970703125,96.56719970703125,96.56719970703125,4
96.64230346679688,96.64230346679688,96.64230346679688,96.64230346679688,96.64230346679688,2
96.54000091552734,96.55000305175781,96.5239028930664,96.5239028930664,96.5239028930664,156012
96.3904037475586,96.3904037475586,96.3904037475586,96.3904037475586,96.3904037475586,22
96.48159790039062,96.48159790039062,96.48159790039062,96.48159790039062,96.48159790039062,48
96.49500274658203,96.49500274658203,96.49500274658203,96.49500274658203,96.49500274658203,10
96.93910217285156,96.93910217285156,96.93910217285156,96.93910217285156,96.93910217285156,43
97.27999877929688,97.29209899902344,97.27999877929688,97.29209899902344,97.29209899902344,107
97.05000305175781,97.05000305175781,96.7510986328125,96.7510986328125,96.7510986328125,316
96.7938003540039,96.7938003540039,96.7938003540039,96.7938003540039,96.7938003540039,4
97.056396484375,97.056396484375,97.056396484375,97.056396484375,97.056396484375,14
96.81780242919922,96.81780242919922,96.81780242919922,96.81780242919922,96.81780242919922,2
96.46499633789062,96.46499633789062,96.46499633789062,96.46499633789062,96.46499633789062,23
96.26190185546875,96.26190185546875,96.26190185546875,96.26190185546875,96.26190185546875,30
96.08499908447266,96.08499908447266,96.08499908447266,96.08499908447266,96.08499908447266,5
96.03009796142578,96.03009796142578,96.03009796142578,96.03009796142578,96.03009796142578,139
95.5593032836914,95.5593032836914,95.5593032836914,95.5593032836914,95.5593032836914,31
95.54080200195312,95.54080200195312,95.54080200195312,95.54080200195312,95.54080200195312,26
95.48580169677734,95.48580169677734,95.48580169677734,95.48580169677734,95.48580169677734,20
95.59980010986328,95.59980010986328,95.59980010986328,95.59980010986328,95.59980010986328,23
95.70169830322266,95.70169830322266,95.70169830322266,95.70169830322266,95.70169830322266,11
95.1500015258789,95.16919708251953,95.14009857177734,95.15119934082031,95.15119934082031,503
94.99700164794922,94.99700164794922,94.99700164794922,94.99700164794922,94.99700164794922,7
95.2136001586914,95.2136001586914,95.2136001586914,95.2136001586914,95.2136001586914,1
95.08650207519531,95.08650207519531,95.08650207519531,95.08650207519531,95.08650207519531,4
94.62090301513672,94.62090301513672,94.62090301513672,94.62090301513672,94.62090301513672,5
94.64620208740234,94.64620208740234,94.64620208740234,94.64620208740234,94.64620208740234,11
94.5199966430664,94.64700317382812,94.5199966430664,94.64700317382812,94.64700317382812,1004
94.71099853515625,94.83920288085938,94.70999908447266,94.83920288085938,94.83920288085938,2615
95.00890350341797,95.00890350341797,94.87149810791016,94.87149810791016,94.87149810791016,906
94.61000061035156,95.06999969482422,94.51000213623047,94.51000213623047,94.51000213623047,19678
94.61000061035156,94.61000061035156,94.61000061035156,94.61000061035156,94.61000061035156,11
94.18000030517578,94.18000030517578,94.16500091552734,94.16500091552734,94.16500091552734,462
94.06999969482422,94.11100006103516,94.06999969482422,94.0999984741211,94.0999984741211,2898
94.11000061035156,94.11000061035156,94.07530212402344,94.07530212402344,94.07530212402344,543
93.86509704589844,93.86509704589844,93.86509704589844,93.86509704589844,93.86509704589844,1482
93.70999908447266,93.70999908447266,93.68350219726562,93.68350219726562,93.68350219726562,327
94.03130340576172,94.03130340576172,94.03130340576172,94.03130340576172,94.03130340576172,5
94.05560302734375,94.05560302734375,94.05560302734375,94.05560302734375,94.05560302734375,1305
93.71499633789062,93.71499633789062,93.71499633789062,93.71499633789062,93.71499633789062,3
93.66500091552734,93.66500091552734,93.66500091552734,93.66500091552734,93.66500091552734,2
93.27539825439453,93.27539825439453,93.27539825439453,93.27539825439453,93.27539825439453,6221
93.4000015258789,93.4000015258789,93.4000015258789,93.4000015258789,93.4000015258789,127
93.22920227050781,93.22920227050781,93.22920227050781,93.22920227050781,93.22920227050781,3
93.1636962890625,93.1636962890625,93.1636962890625,93.1636962890625,93.1636962890625,7
93.4000015258789,93.44999694824219,93.4000015258789,93.44999694824219,93.44999694824219,404
93.6500015258789,93.68060302734375,93.61489868164062,93.68060302734375,93.68060302734375,450
93.62000274658203,93.62000274658203,93.51490020751953,93.51490020751953,93.51490020751953,514
93.31050109863281,93.40280151367188,93.31050109863281,93.40280151367188,93.40280151367188,320
93.26000213623047,93.2699966430664,93.23870086669922,93.23870086669922,93.23870086669922,11026
92.88860321044922,92.88860321044922,92.88860321044922,92.88860321044922,92.88860321044922,2
93.0999984741211,93.0999984741211,92.94519805908203,92.94519805908203,92.94519805908203,755
92.87999725341797,93.27670288085938,92.87999725341797,93.27670288085938,93.27670288085938,803
92.98100280761719,92.98100280761719,92.79000091552734,92.96050262451172,92.96050262451172,436
92.79000091552734,92.79000091552734,92.79000091552734,92.79000091552734,92.79000091552734,63
92.91000366210938,93.08080291748047,92.91000366210938,93.08080291748047,93.08080291748047,1373
93.19000244140625,93.19999694824219,93.19000244140625,93.19170379638672,93.19170379638672,399
93.30999755859375,93.30999755859375,93.30999755859375,93.30999755859375,93.30999755859375,20
93.47969818115234,93.47969818115234,93.47969818115234,93.47969818115234,93.47969818115234,29
93.30500030517578,93.30500030517578,93.30500030517578,93.30500030517578,93.30500030517578,11
93.52989959716797,93.52989959716797,93.45999908447266,93.4749984741211,93.4749984741211,614
93.0896987915039,93.0896987915039,93.0896987915039,93.0896987915039,93.0896987915039,3
93.26000213623047,93.29000091552734,93.24500274658203,93.24500274658203,93.24500274658203,601
93.44429779052734,93.44429779052734,93.44429779052734,93.44429779052734,93.44429779052734,2
93.6095962524414,93.6095962524414,93.6095962524414,93.6095962524414,93.6095962524414,7
93.41999816894531,93.41999816894531,93.41999816894531,93.41999816894531,93.41999816894531,3
93.84989929199219,93.84989929199219,93.8124008178711,93.8124008178711,93.8124008178711,199
94.00789642333984,94.00789642333984,94.00789642333984,94.00789642333984,94.00789642333984,82
93.99400329589844,94.08999633789062,93.99400329589844,94.08999633789062,94.08999633789062,250
94.08999633789062,94.13999938964844,94.08999633789062,94.13999938964844,94.13999938964844,147
93.77999877929688,93.7925033569336,93.75499725341797,93.7925033569336,93.7925033569336,268
93.55999755859375,93.55999755859375,93.45140075683594,93.49500274658203,93.49500274658203,391
93.54499816894531,93.54499816894531,93.54499816894531,93.54499816894531,93.54499816894531,2
93.44999694824219,93.62999725341797,93.44999694824219,93.45439910888672,93.45439910888672,1692
93.1990966796875,93.1990966796875,93.1990966796875,93.1990966796875,93.1990966796875,3
93.31790161132812,93.31790161132812,93.31790161132812,93.31790161132812,93.31790161132812,7
93.17500305175781,93.17500305175781,93.17500305175781,93.17500305175781,93.17500305175781,3
93.07959747314453,93.07959747314453,93.05000305175781,93.05000305175781,93.05000305175781,181
92.72000122070312,92.72000122070312,92.43260192871094,92.43260192871094,92.43260192871094,153
91.7699966430664,91.7699966430664,91.5270004272461,91.5270004272461,91.5270004272461,114
91.17839813232422,91.17839813232422,91.17839813232422,91.17839813232422,91.17839813232422,18
91.86000061035156,91.86000061035156,91.86000061035156,91.86000061035156,91.86000061035156,12
92.07510375976562,92.07510375976562,92.07510375976562,92.07510375976562,92.07510375976562,2
92.03780364990234,92.03780364990234,92.03780364990234,92.03780364990234,92.03780364990234,52
91.90499877929688,91.90499877929688,91.90499877929688,91.90499877929688,91.90499877929688,12
92.39469909667969,92.39469909667969,92.39469909667969,92.39469909667969,92.39469909667969,1
92.59760284423828,92.59760284423828,92.59760284423828,92.59760284423828,92.59760284423828,90
92.5999984741211,92.5999984741211,92.54499816894531,92.54499816894531,92.54499816894531,270
92.39700317382812,92.39700317382812,92.31700134277344,92.31700134277344,92.31700134277344,366
92.2145004272461,92.2145004272461,92.2145004272461,92.2145004272461,92.2145004272461,7
92.43000030517578,92.5,92.42990112304688,92.5,92.5,487
92.87789916992188,92.87789916992188,92.87789916992188,92.87789916992188,92.87789916992188,98
93.42500305175781,93.42500305175781,93.42500305175781,93.42500305175781,93.42500305175781,84
93.55000305175781,93.55000305175781,93.55000305175781,93.55000305175781,93.55000305175781,110
93.18499755859375,93.18499755859375,93.10140228271484,93.10140228271484,93.10140228271484,302
92.91500091552734,92.91500091552734,92.91500091552734,92.91500091552734,92.91500091552734,4
92.76000213623047,92.76000213623047,92.76000213623047,92.76000213623047,92.76000213623047,1
92.95210266113281,92.95210266113281,92.95210266113281,92.95210266113281,92.95210266113281,3
93.0999984741211,93.0999984741211,93.0999984741211,93.0999984741211,93.0999984741211,4
93.06680297851562,93.12580108642578,93.06680297851562,93.12580108642578,93.12580108642578,186
92.99669647216797,92.99669647216797,92.99669647216797,92.99669647216797,92.99669647216797,2
93.09500122070312,93.09500122070312,93.09500122070312,93.09500122070312,93.09500122070312,2
92.8499984741211,93.04499816894531,92.8499984741211,93.04499816894531,93.04499816894531,134
92.83670043945312,92.83670043945312,92.83670043945312,92.83670043945312,92.83670043945312,3
92.78500366210938,92.78500366210938,92.78500366210938,92.78500366210938,92.78500366210938,1
93.31610107421875,93.31610107421875,93.31610107421875,93.31610107421875,93.31610107421875,37
93.78109741210938,93.78109741210938,93.78109741210938,93.78109741210938,93.78109741210938,76
93.6500015258789,93.6500015258789,93.6500015258789,93.6500015258789,93.6500015258789,3
93.77989959716797,93.77989959716797,93.59880065917969,93.59880065917969,93.59880065917969,482
93.7699966430664,93.91000366210938,93.7699966430664,93.91000366210938,93.91000366210938,103
94.36000061035156,94.36000061035156,94.33499908447266,94.33499908447266,94.33499908447266,402
94.38999938964844,94.41500091552734,94.38999938964844,94.41500091552734,94.41500091552734,371
94.52999877929688,94.52999877929688,94.49500274658203,94.49500274658203,94.49500274658203,365
94.2249984741211,94.2249984741211,93.80000305175781,93.84500122070312,93.84500122070312,10729
93.6500015258789,93.98320007324219,93.6500015258789,93.98320007324219,93.98320007324219,376
94.05000305175781,94.1843032836914,94.05000305175781,94.1843032836914,94.1843032836914,9768
93.59480285644531,93.59480285644531,93.59480285644531,93.59480285644531,93.59480285644531,1
93.7750015258789,93.7750015258789,93.7750015258789,93.7750015258789,93.7750015258789,24
93.56159973144531,93.61160278320312,93.56159973144531,93.61160278320312,93.61160278320312,403
93.9000015258789,93.9000015258789,93.8949966430664,93.8949966430664,93.8949966430664,236
93.55609893798828,93.55609893798828,93.55609893798828,93.55609893798828,93.55609893798828,18
93.71299743652344,93.71299743652344,93.71299743652344,93.71299743652344,93.71299743652344,7
93.95989990234375,93.95989990234375,93.87429809570312,93.87429809570312,93.87429809570312,157
93.74230194091797,93.74230194091797,93.74230194091797,93.74230194091797,93.74230194091797,3
93.427001953125,93.427001953125,93.427001953125,93.427001953125,93.427001953125,2
93.55000305175781,93.55000305175781,93.5250015258789,93.52510070800781,93.52510070800781,6692
93.30000305175781,93.30000305175781,93.30000305175781,93.30000305175781,93.30000305175781,1
93.10009765625,93.10009765625,93.05500030517578,93.05500030517578,93.05500030517578,348
93.04499816894531,93.04499816894531,93.0072021484375,93.0072021484375,93.0072021484375,4602
92.83999633789062,92.8583984375,92.83000183105469,92.8583984375,92.8583984375,1259
93.11239624023438,93.11239624023438,93.11239624023438,93.11239624023438,93.11239624023438,1
93.0199966430664,93.0199966430664,93.00499725341797,93.00499725341797,93.00499725341797,226
92.7593002319336,92.7593002319336,92.73999786376953,92.73999786376953,92.73999786376953,799
92.69660186767578,92.69660186767578,92.69660186767578,92.69660186767578,92.69660186767578,3
92.69999694824219,92.72000122070312,92.66500091552734,92.66500091552734,92.66500091552734,2715
92.28500366210938,92.30000305175781,92.28399658203125,92.28399658203125,92.28399658203125,756
92.56999969482422,92.57009887695312,92.5250015258789,92.57009887695312,92.57009887695312,2001
92.11740112304688,92.11740112304688,92.11740112304688,92.11740112304688,92.11740112304688,19
92.30999755859375,92.41419982910156,92.30999755859375,92.41419982910156,92.41419982910156,293
92.27429962158203,92.27429962158203,92.27429962158203,92.27429962158203,92.27429962158203,4
92.22119903564453,92.22119903564453,92.22119903564453,92.22119903564453,92.22119903564453,58
92.17330169677734,92.17330169677734,92.17330169677734,92.17330169677734,92.17330169677734,36
91.70999908447266,91.75879669189453,91.69999694824219,91.75879669189453,91.75879669189453,2403
91.6510009765625,91.79000091552734,91.6500015258789,91.72840118408203,91.72840118408203,1854
91.58499908447266,91.58499908447266,91.54499816894531,91.54499816894531,91.54499816894531,127
91.6449966430664,91.6449966430664,91.6449966430664,91.6449966430664,91.6449966430664,4
91.44999694824219,91.44999694824219,91.44889831542969,91.44889831542969,91.44889831542969,116
91.21980285644531,91.2300033569336,91.21499633789062,91.22660064697266,91.22660064697266,2316
91.13009643554688,91.31990051269531,91.13009643554688,91.31500244140625,91.31500244140625,7816
90.76959991455078,90.80000305175781,90.69049835205078,90.73500061035156,90.73500061035156,8384
90.51100158691406,90.65989685058594,90.45999908447266,90.5999984741211,90.5999984741211,14798
90.34010314941406,90.34010314941406,89.94999694824219,89.95999908447266,89.95999908447266,1669
90.02999877929688,90.02999877929688,89.70999908447266,89.70999908447266,89.70999908447266,2803
89.73290252685547,90.0740966796875,89.65689849853516,90.0740966796875,90.0740966796875,877
89.79000091552734,89.83999633789062,89.79000091552734,89.81279754638672,89.81279754638672,1090
90.0,90.0,89.67220306396484,89.67220306396484,89.67220306396484,2654
90.2699966430664,90.42990112304688,90.25360107421875,90.25659942626953,90.25659942626953,738
90.58000183105469,90.58000183105469,90.44560241699219,90.44560241699219,90.44560241699219,157
90.07209777832031,90.07209777832031,90.07209777832031,90.07209777832031,90.07209777832031,44
89.94000244140625,89.94000244140625,89.94000244140625,89.94000244140625,89.94000244140625,145
89.6104965209961,89.6104965209961,89.6104965209961,89.6104965209961,89.6104965209961,2
89.47840118408203,89.47840118408203,89.47840118408203,89.47840118408203,89.47840118408203,11
89.44100189208984,89.46849822998047,89.44010162353516,89.46849822998047,89.46849822998047,861
89.55269622802734,89.55269622802734,89.55269622802734,89.55269622802734,89.55269622802734,2
89.30599975585938,89.30599975585938,89.30599975585938,89.30599975585938,89.30599975585938,2
89.14409637451172,89.14409637451172,89.14409637451172,89.14409637451172,89.14409637451172,4
89.26190185546875,89.26190185546875,89.21289825439453,89.21289825439453,89.21289825439453,169
89.3302001953125,89.3302001953125,89.3302001953125,89.3302001953125,89.3302001953125,28
88.89179992675781,88.89179992675781,88.89179992675781,88.89179992675781,88.89179992675781,30
88.60900115966797,88.60900115966797,88.60900115966797,88.60900115966797,88.60900115966797,100
88.8895034790039,88.8895034790039,88.8895034790039,88.8895034790039,88.8895034790039,131
88.88009643554688,88.89900207519531,88.88009643554688,88.88009643554688,88.88009643554688,115
89.26629638671875,89.31950378417969,89.26629638671875,89.26629638671875,89.26629638671875,136
89.38500213623047,89.48500061035156,89.38500213623047,89.44049835205078,89.44049835205078,3815
89.70999908447266,89.7699966430664,89.70999908447266,89.75299835205078,89.75299835205078,2269
89.54000091552734,89.55819702148438,89.5199966430664,89.54440307617188,89.54440307617188,1384
89.41999816894531,89.44000244140625,89.23999786376953,89.2936019897461,89.2936019897461,4217
89.32689666748047,89.32689666748047,89.32689666748047,89.32689666748047,89.32689666748047,36
89.41950225830078,89.41950225830078,89.21160125732422,89.21160125732422,89.21160125732422,135
89.00340270996094,89.00340270996094,89.00340270996094,89.00340270996094,89.00340270996094,262
89.10160064697266,89.10160064697266,89.10160064697266,89.10160064697266,89.10160064697266,2
88.9572982788086,88.9572982788086,88.9572982788086,88.9572982788086,88.9572982788086,2
88.98999786376953,89.18009948730469,88.87999725341797,89.17980194091797,89.17980194091797,3775
89.20999908447266,89.3499984741211,89.20999908447266,89.26000213623047,89.26000213623047,18223
90.38999938964844,90.44190216064453,90.26100158691406,90.42440032958984,90.42440032958984,24776
90.55000305175781,90.55000305175781,90.36499786376953,90.375,90.375,715
90.1968994140625,90.28119659423828,90.1968994140625,90.25489807128906,90.25489807128906,1646
90.55000305175781,90.61689758300781,90.55000305175781,90.61689758300781,90.61689758300781,112
90.72000122070312,90.83100128173828,90.69999694824219,90.83100128173828,90.83100128173828,375
90.4813003540039,90.59500122070312,90.4813003540039,90.56529998779297,90.56529998779297,458
90.385498046875,90.385498046875,90.385498046875,90.385498046875,90.385498046875,2
90.54000091552734,90.54000091552734,90.34490203857422,90.34490203857422,90.34490203857422,6309
